<rss version="2.0">
<channel>
<title>thepersonever's blog??</title>

<link>https://thepersonever.neocities.org/</link>
<description>rose's existence</description>
<category>Homepage</category>
<language>en-us</language>
<image>
<url>https://thepersonever.neocities.org/images/blogicon.png</url>
<title>thepersonever's blog :(</title>
<link>https://thepersonever.neocities.org</link>
</image>


<item>
  <guid>https://thepersonever.neocities.org/blogg.html</guid>
    <title> the void you fill withf
    </title>
  <pubDate>12 7 2022 8:20 am</pubDate>
<link>https://thepersonever.neocities.org/blogg.html</link>
  <description>
  
<p> heya!!
<br></br> uh. hai
<br></br> i beat TWO WHOLE CAVES in pikmin 2 yesterday isnt that neat
<br></br> uh. i beat the cavern of chaos and. hole of heroes 
<br></br> i went through hoh once with EVERYONE and once with. 80 blues 
<br></br> can you guess what the blues were for??????????/ thtats right ultra spicying the Min then just repeatedly bittering the mal so that no one died ever. yeaf
<br></br>
<br></br> i also started on da dream den yesterday!! <a href="https://thepersonever.neocities.org/pikmin/pik2wistfulwild.html"> heres what im doin to the td !!111!!! (pikmin twoeh spoilers)</a> 
<br></br>
<br></br> ..
<br></br>
<br></br> uh.. other than that i didnt do much.. 
<br></br> i guess updating stuff when i got home is cool??????? idk
<br></br> im kinda dummy hi 
<br></br>
<br></br> uh.. bye i guess
  </p>
</description>
</item>

<item>
  <guid>https://thepersonever.neocities.org/blogg.html</guid>
    <title> nO ideaz :( 
    </title>
  <pubDate>12 6 2022 8:17 am</pubDate>
<link>https://thepersonever.neocities.org/blogg.html</link>
  <description>
  
<p> heya!!
<br></br> i didnt sleep very well last night.. why? idk
<br></br>
<br></br> uh.. im kinda outta ideas again ;;
<br></br> so uh!! if you ever have ideas for this site!!! put em in the guestbook or chatbox!!! i wont be able to read teh chatbox until im out of school but!!!!!! dewit!!!!!! mountain dew gives you brain damage by the way im not joking
<br></br>
<br></br> oh yeaf i. beat some sand castle yesterday :> 
<br></br>
<br></br> ..
<br></br>
<br></br> seeyah
</p>
  
</description>
</item>

<item>
  <guid>https://thepersonever.neocities.org/blogg.html</guid>
    <title> chuckyas and uh frogs
    </title>
  <pubDate>12 5 2022 9:16 am</pubDate>
<link>https://thepersonever.neocities.org/blogg.html</link>
  <description>
  
<p> heya!!
<br></br>uh. i um
<br></br>i tried pikmin wars yesterday
<br></br> it was Stuypid and Dumb and Slightly Fun :) 
<br></br> the PIKMIN GUN section had me very confused and kinda engaged 
<br></br> every other part was Kinda Boring ! 
<br></br>
<br></br> i couldnt get past the chuckyas parttttt
<br></br>
<br></br> yeah. uh
<br></br> 
<br></br> ive played through pikmin 2 like 7 times : P 
<br> </br>
<br></br> uh. yeahf
<br></br>
<br></br> bye
</p>  

</description>
</item>

<item>
  <guid>https://thepersonever.neocities.org/blogg.html</guid>
    <title> pikmin 2 for low definition displays!!!
    </title>
  <pubDate>12 2 2022 8:16 am</pubDate>
<link>https://thepersonever.neocities.org/blogg.html</link>
  <description>

<p> heya!!
<br></br> yesterday,, i set up all my av consoles onto my old crt
<br></br> you may be like “why?” and well..
<br></br> its because its the only 4:3 tv i have..
<br></br> so uh.. like pikmin 2 looks.. fine,, with black boarders
<br></br> stretched out it looks stretched out (ew!) and with 16:9 patches it still doesnt look the greatest..
<br></br> but on a 4:3.. it really looks like you can see everything..!!
<br></br> i know thats like.. stupid sounding,, considering you can see the most with 16:9 patches on a 16:9 display,, but just.. it looks better than you’d expect
<br></br> also we love katamari sounds funny on a mono tv :P
<br></br>
<br></br> uh..  yeah
<br></br>
<br></br> seeya?
</p>
  
</description>
</item>


<item>
  <guid>https://thepersonever.neocities.org/blogg.html</guid>
    <title> white ! picket fenceeesssss~
    </title>
  <pubDate>12 1 2022 8:14 am</pubDate>
<link>https://thepersonever.neocities.org/blogg.html</link>
  <description>
 <p> heya!!
<br></br> site’s been up for a month,, huh..
<br></br> ..
<br></br>
<br></br> ive backed up a few versions to a dvd.. i might “relase” them soon haha
<br></br>
<br></br> ..
<br></br> uhh i uh. have random parts of suburbia overture stuck in my head :] 
<br></br>
<br></br> ..
<br></br> 
<br></br> seeyah
</p>
  
</description>
</item>


<item>
  <guid>https://thepersonever.neocities.org/blogg.html</guid>
    <title> yeah snow day 
    </title>
  <pubDate>11 30 2022 8:36 am </pubDate>
<link>https://thepersonever.neocities.org/blogg.html</link>
  <description>
  
<p>hellogh
<br></br> it was a snow day yesterday!! thats why i was lazy and did Practically Nothing
<br></br> uh. by practically nothing i mean
<br></br> - i “beat” we love katamari
<br></br> - i beat pikmin 1 NewPlayControl with the help of uh. like 43 pikmin dying to the emperor bulb ;;
<br></br>
<br></br> ..
<br></br> 
<br></br> uhhh yeah..
<br></br>
<br></br> seeyaeh
</p>  
  
</description>
</item>


<item>
  <guid>https://thepersonever.neocities.org/blogg.html</guid>
    <title> psytriactric supply or whatever 
    </title>
  <pubDate>11 28 2022 9:02 am</pubDate>
<link>https://thepersonever.neocities.org/blogg.html</link>
  <description>
<p> HI HELLO HI UH WELCME TO NOt THANKSGIVING
<br></br> a lot can happen in 6 days..
<br></br> like uh
<br></br>
<br></br> - making 6 whole youtube videos i thinik
<br></br> - getting a boyfriend
<br></br>- uhh renting games from your Local Library 
<br></br> - not beating we love katamari
<br></br>
<br></br> so.. thats whats happened with me so far..
<br></br>.. 
<br></br> at least im back on web development!! thats cooler tgan me
<br></br>..
<br></br>
<br></br> yeah bye
</p>
</description>
</item>

<item>
  <guid>https://thepersonever.neocities.org/blogg.html</guid>
    <title> hello again !!! -the shoulder 
    </title>
  <pubDate>11 21 2022 8:31 pm</pubDate>
<link>https://thepersonever.neocities.org/blogg.html</link>
  <description>
<p> heya !!!! 
<br></br> in like.. 2 days im going on thanksgiving break so expect this site’s activity to go DOWn 
<br></br> im also uh. still working on the Pikmin Secret
<br></br> but you can still find it!! so uh. go do that
<br></br>
<br></br> bye
</p> 

</description>
</item>


<item>
  <guid>https://thepersonever.neocities.org/blogg.html</guid>
    <title> aCHK
    </title>
  <pubDate>11 20 2022 9:05 am</pubDate>
<link>https://thepersonever.neocities.org/blogg.html</link>
  <description>
  
<p> ackk i forgot to post yesterday :((((
<br></br> sorry for being so dummy stupid!! i was making videos
<br></br><br></br> 
<iframe width="450" height="315" src="https://www.youtube.com/embed/4LNmP1zCEOs" title="yeah" allow="accelerometer; autoplay; clipboard-write; encrypted-media; gyroscope; picture-in-picture"></iframe>
<br></br><br></br>
so uh..
<br></br> yeahhh
<br></br>
<br></br> seeya
</p>
  
</description>
</item>

<item>
  <guid>https://thepersonever.neocities.org/blogg.html</guid>
    <title> PIKMEIND AND roleplay
    </title>
  <pubDate>11 18 2022 8:30 pm</pubDate>
<link>https://thepersonever.neocities.org/blogg.html</link>
  <description>
  
<p> heya!!
<br></br> yesterday i.. uh...
<br></br> uhhhh umm
<br></br> i uh. did rp 
<br></br> and it was like.. genuinely relaxing..
<br></br> heh..
<br></br> oh yea!! im also working on PIKMIN SUBPAge which might be a secret when i implement it so shhhhhhhhhhhhh
<br></br>
<br></br>..
<br></br>
<br></br> seeeyaeh
</p>

  
</description>
</item>


<item>
  <guid>https://thepersonever.neocities.org/blogg.html</guid>
    <title> stuff.. 
    </title>
  <pubDate>11 17 2022 10:33 am</pubDate>
<link>https://thepersonever.neocities.org/blogg.html</link>
  <description>
  
<p> heya!!
<br></br> yesterday i uh made music basicly the whole time i was home..
<br></br> i finally relased a new track ;; 
<br></br> <a href='thepersonever.neocities.org/xdx3xp/tracks.html' target='_blank'> you can listen to it here!!!</a>
<br></br>
<br></br>.. i think i revamped random junk a few days back
<br></br> i think its a lot better now.. although yk
<br></br> you might dissagree.. haha
<br></br>
<br></br> ..
<br></br>
<br></br> fun fact: i technically implmented a loop ive had in my head in a song that never relased here
<br></br> only problem is.. its not good at all
<br></br> ..
<br></br>
<br></br> maybe someday ill remake it..
<br></br><em> someday</em>
<br></br>
<br></br> ....
<br></br>
<br></br> seeya,, i guess :P
</p>
  
</description>
</item>


<item>
  <guid>https://thepersonever.neocities.org/blogg.html</guid>
    <title> zoom brain useless for writing 
    </title>
  <pubDate>11 16 2022 8:18 pm</pubDate>
<link>https://thepersonever.neocities.org/blogg.html</link>
  <description>

<p> heya!!
<br></br> uh.. i did stuff yesterday?? 
<br></br> yeah.. 
<br></br>
<br></br> a few website things and uh uh uh u h
<br></br> sorry my brain is VROOM 
<br></br> i cant really say anything significant right now...
<br></br>
<br></br> ..
<br></br>
<br></br> sorry 
</p>


</description>
</item>

<item>
  <guid>https://thepersonever.neocities.org/blogg.html</guid>
    <title> music updates maybe?????
    </title>
  <pubDate> 11 15 2022  8:18 am</pubDate>
<link>https://thepersonever.neocities.org/blogg.html</link>
  <description>
  
<p> haie !!
<br></br> im.. less tired,, i guess
<br></br> its more so out of obligation.. haha....
<br></br> school and stuff :P
<br></br>
<br></br>..
<br></br>
<br></br> i actually have a few ideas!! (woa)
<br></br> its about moving my music recommendation stuff over to the random junk subpage
<br></br> haha.. ill have to update the thumbnail of some stuff though.. 
<br></br> ..
<br></br> yeah
<br></br>
<br></br> ....
<br></br>
<br></br> i might also test out centering for this rss thing once im home
<br></br>
<br></br>
<br></br> i guess thats it..
<br></br> seeya !!!
</p>

  
</description>
</item>



<item>
  <guid>https://thepersonever.neocities.org/blogg.html</guid>
    <title> ow
    </title>
  <pubDate>11 14 2022 5:30 pm</pubDate>
<link>https://thepersonever.neocities.org/blogg.html</link>
  <description>
  
  <p> im too tired to do anythign sorry </p>
  
</description>
</item>

<item>
  <guid>https://thepersonever.neocities.org/blogg.html</guid>
    <title>GOLDFISH.</title>
  <pubDate>11 13 2022 4:02 pm</pubDate>
<link>https://thepersonever.neocities.org/blogg.html</link>
  <description>

<p> HI I FORGOT TO MAKE A NEW ONE YESTERDAY SORRY :(((((
<br></br> ah who cares.. its not like i did much
<br></br> i saw a movie.. and i played games
<br></br> anddd that was it :P 
<br></br>
<br></br> ....
<br></br>
<br></br> i also made my pi into an always running (when on) ftp server
<br></br> because!!! gdrive stinks !!!!!!!
<br></br>
<br></br> i also found an actually good ftp app for my phone
<br></br> if you have an iphone (im insane i own apple product),, iTransfer is like.. actually adequate for free
<br></br> if you have and andriod though uh
<br></br> im kinda dummy and cant help you with that!!! haha
<br></br>
<br></br> ..
<br></br>
<br></br> im outta ideas for this site please if you wanna see something TELL ME 
</p>

    </description>
</item>



<item>
  <guid>https://thepersonever.neocities.org/blogg.html</guid>
    <title>random updates that dont matter to you :P </title>
  <pubDate>11 11 2022 9:26 am</pubDate>
<link>https://thepersonever.neocities.org/blogg.html</link>
  <description>
    
<p> heya!!!! 
<br></br> well.. im typing this on google docs,, of all things
<br></br> i even made the rss version on gdocs....
<br></br> yeah.. theres no notepad or anything similar on the school chromebook lol
<br></br> i usually browse with firefox anyways..
<br></br>
<br></br> ... 
<br></br>
<br></br> ive been kinda lightheaded recently.. 
<br></br> ..i think its because <a href='https://www.youtube.com/watch?v=XZL_9WiZVtc'> CHRISTMAS WILL BE SOON (OH OH) </a>
<br></br>..
<br></br> ive also been having more bloody noses haha
<br></br>
<br></br> ..
<br></br>
<br></br> i got through a lill bit of rhythm heaven megamix yesterday 
<br></br> by a lill,, i mean
<br></br> -i got through like one world
<br></br> -i superbed like 2 games that i got oks on my first time
<br></br> - meow!
<br></br>
<br></br> ..yeah
<br></br>
<br></br>
<br></br> seeya,, i guess 
</p>

    </description>
</item>


<item>
  <guid>https://thepersonever.neocities.org/blogg.html</guid>
    <title>school stuff</title>
  <pubDate>11 10 2022 11:09 am</pubDate>
<link>https://thepersonever.neocities.org/blogg.html</link>
  <description>

<p> well,, im at school again..
<br></br> now im REALLY outta ideas for this site.. 
<br></br> i guess i could talk about my school in this blog..? 
<br></br> uhhhh
<br></br> ..theres a few annoying kids i guess
<br></br> and by "annoying",, i really mean "wow i dont personally like you please stop interacting with me :D" or "wow. please shush how do you talk so much"
<br></br> but theres only like.. 3 kids like that 
<br></br> most of the teachers here are like actually cool too!! so uh
<br></br> its a Cool School (tm) 
<br></br>
<br></br> uh..
<br></br>
<br></br> stuff only seen in rss time!!!!
<br></br> or something :P
<br></br>..
<br></br> im not gonna be able to test how it looks in an rss thing.. because im at school 
<br></br> so if theres anything wrong uh
<br></br>
<br></br> blame that
<br></br>
<br></br> ..
<br></br>
<br></br> fun fact: i actually convert all my blog articles to rss by hand :P
<br></br>
<br></br> its really just adding GREATERTHAN /br LESSTHAN infront of all the brs..
<br></br> its the same with all the images lol
<br></br>
<br></br>..
<br></br>
<br></br> bye i guess ;_;
</p>

    </description>
</item>


<item>
  <guid>https://thepersonever.neocities.org/blogg.html</guid>
    <title>might not be sick soon!!</title>
  <pubDate>11 9 2022 7:31 pm</pubDate>
<link>https://thepersonever.neocities.org/blogg.html</link>
  <description>
<p> uh.. i might be not sick soon
<br></br> that would be nice!! i would like.. be able to do stuff again
<br></br> ive just been home all day.. played a few games....
<br></br> ..im gonna go add some stuff to the collection now
<br></br> sorry for the shorter letters :((
</p>

    </description>
</item>

<item>
  <guid>https://thepersonever.neocities.org/blogg.html</guid>
    <title> sick..</title>
  <pubDate>11 8 2022 11:10 pm</pubDate>
<link>https://thepersonever.neocities.org/blogg.html</link>
  <description>

<p><span> EUGHT CHOUGH COUGH 
<br></br> im like.. sick so my brain is
<br></br> dead, basicly
<br></br> thats why i havent really done anything.. haha
<br></br> so... yeah
<br></br> hopefully soon!!!!!! ill be able to be good and stufff
<br></br> oooogh motivationless typing soon
</span></p>
</description>
</item>
<item>
  <guid>https://thepersonever.neocities.org/blogg.html</guid>
    <title> RSS IS UP AND RUNNING!!!!</title>
  <pubDate>11 7 2022 8:15 pm</pubDate>
<link>https://thepersonever.neocities.org/blogg.html</link>
  <description>
<p> HEY GUYS. I MADE AN RSS FEEDDDDDDD
<br></br> your already lookin at it!!
<br></br>thats it. bye bye nowf
</p>


<item>
  <guid>https://thepersonever.neocities.org/blogg.html</guid>
    <title>A TESTT</title>
  <pubDate>11 7 2022</pubDate>
<link>https://thepersonever.neocities.org/blogg.html</link>
  <description>
      <p>this is a test :D </p>

    </description>
</item>

<item>
  <guid>https://thepersonever.neocities.org/blogg.html</guid>
    <title>sixth thing</title>
  <pubDate>nov. 6 2022</pubDate>
<link>https://thepersonever.neocities.org/blogg.html</link>
  <description>
      <p>..just look at the weblogs :( </p>

    </description>
</item>

<item>
  <guid>https://thepersonever.neocities.org/blogg.html</guid>
    <title>fifth thing</title>
  <pubDate>nov 5,, 2022 1:19 pm</pubDate>
<link>https://thepersonever.neocities.org/blogg.html</link>
  <description>

<p> heya !! 
<br></br> im kinda running outta ideas for this site.. 
<br></br> basicly everything so far has been "hey look at these pictures!! im gonna write a paragraph about all of them"
<br></br> and thats like.. boring,, right??
<br></br> so.. what should i even do next..? 
<br></br> maybe ill try to make some stuff in javascript.. maybe ill just add more iframes 
<br></br> who knows?? not me lol
<br></br> so uh.. yeah
<br></br> guess ill go make some more iframes :l
</p>

    </description>
</item>

<item>
  <guid>https://thepersonever.neocities.org/blogg.html</guid>
    <title>fourth thing</title>
  <pubDate>nov 4; 2022 6:22 pm</pubDate>
<link>https://thepersonever.neocities.org/blogg.html</link>
  <description>
<p> so i took a walk and.. i think i found something out about how my brain works while listening to music maybe??
<br></br> like
<br></br> i kinda sway to the music..
<br></br>  <img style="height: 100px" src="https://thepersonever.nocities.org/iframes/tusexplaination.png"></img>
<br></br> so.. yea!!
<br></br> ya learn something new every day
</p>

    </description>
</item>

<item>
  <guid>https://thepersonever.neocities.org/blogg.html</guid>
    <title>third thing</title>
  <pubDate>nov 4; 2022 9:22</pubDate>
<link>https://thepersonever.neocities.org/blogg.html</link>
  <description>
<p> heya !!
<br></br> i uhhh got overstimulated and felt dysphoric like 2 seconds ago but uh
<br></br> fine now!!
<br></br> uh.. i added my first iframe to a webpage (this one) today :P
<br></br>..i might go on a walk when i get home,, not sure though
<br></br> last night i finished up the cds page,, did some more maintenance,, and added more stuff to the homepage
<br></br> oh!! i also made the xDx3xP website thing ^^
<br></br> today im gonna work on more formatting things,, as well as actually changing page backgrounds haha
<br></br> so.. i think thats it
<br></br> sorry for getting so formaty with these blogs..
</p>

    </description>
</item>

<item>
  <guid>https://thepersonever.neocities.org/blogg.html</guid>
    <title>second thing</title>
  <pubDate>nov 3; 2022 8:33 am</pubDate>
<link>https://thepersonever.neocities.org/blogg.html</link>
  <description>
<p> hi again!!
<br></br> i think i conked my head last night..
<br></br> or maybe i was zoinked out??? i dont know im just. still tired :P
<br></br> uhh.... i did a lot of maintenance,, but i didnt really do anything new..
<br></br> oh yeah!! i added photoshops and collections
<br></br> also- by “maintenance” i really just mean adding content to already existing pages 
<br></br> so uh.. yeah
<br></br> not much new lol 
<br></br> oh yeah.. im also going to the dr’s office today
<br></br> theres gonna be uh needle stuff haha
<br></br>..
<br></br>
<br></br> OH YEAH theres also a secret on the music page
<br></br> see if you can find it!! ;^3
<br></br>
<br></br>
</p>

    </description>
</item>

<item>
  <guid>https://thepersonever.neocities.org/blogg.html</guid>
    <title>first thing</title>
  <pubDate>nov 2; 2022 8:52 AM </pubDate>
<link>https://thepersonever.neocities.org/blogg.html</link>
  <description>
        <p>  well uh.. hi
<br> im probably gonna use this blog as a more in-depth site news,, so.... yeah
<br>
<br>uhhhh 
<br>
<br>yesterday i made.. a lot
<br>it was the first day this site was up lol
<br> music suggestions.. about me.. goals..
<br> almost everything on this site
<br> in fact,, ill be listing anything thats new on this blog,, as well as the site news
<br> technically,, i dont even have the site news set up yet lol
<br>
<br>..
<br> fun fact.. i actually host most of my images offsite
<br> i havent even used 10% of my storage.. 
<br>
<br>.. oh! ive also worked on this site on 3 devices
<br> a raspberry pi,, a windows desktop (where i did most of the work) and..
<br> a chromebook
<br> because i worked on this at school
<br> im glad its unblocked ;_;</br></br></br></br></br></br></br></br></br></br></br></br></br></br></br></br></br></br></br></br></p>

    </description>
</item>
</description>
</item>
</channel>
</rss>